2020-08-06 04:27:59,https://subss.xjycloud.xyz/link/nUAWTVRIAQ9sBDk1?sub=1,1
2020-08-06 06:53:51,https://subss.xjycloud.xyz/link/6uuhbpXU6pCAIfyb?sub=1,1
2020-08-06 06:54:55,https://subss.xjycloud.xyz/link/6TQkNGhxDGFSCqDK?sub=1,1
2020-08-06 06:55:29,https://subss.xjycloud.xyz/link/BDqhisePgSluPKLg?sub=1,1
2020-08-06 06:57:06,https://subss.xjycloud.xyz/link/0VW06UQ4x0XG7ytM?sub=1,1
2020-08-06 06:57:42,https://subss.xjycloud.xyz/link/4S9NOaRlDTtiU6gY?sub=1,1
2020-08-06 07:11:54,https://subss.xjycloud.xyz/link/mCou4f2954CSyDwL?sub=1,1
2020-08-06 07:13:04,https://subss.xjycloud.xyz/link/0X8hXilLzNkpe9Bu?sub=1,1
2020-08-06 07:13:26,https://subss.xjycloud.xyz/link/2pbBtnyKCNsUfcrI?sub=1,1
2020-08-17 20:13:16,https://subscribepro.cc/link/sE6iwRMbjCKPtBtq?sub=3,v2ray,1
2020-08-17 20:13:16,https://subscribepro.cc/link/sE6iwRMbjCKPtBtq?sub=3,v2ray,1
2020-08-17 20:13:16,https://subscribepro.cc/link/sE6iwRMbjCKPtBtq?sub=3,v2ray,1
2020-08-17 20:13:16,https://subscribepro.cc/link/sE6iwRMbjCKPtBtq?sub=3,v2ray,0
2020-08-17 20:13:16,https://subscribepro.cc/link/sE6iwRMbjCKPtBtq?sub=3,v2ray,0
2020-08-18 02:32:11,https://sub.hanhaha.xyz/link/SyWQ1YPcSMRVS16M?sub=3,v2ray,0
2020-08-18 02:34:32,https://subscribepro.cc/link/xS1yEPqM0KzSF9Gd?sub=3,v2ray,0
2020-08-18 03:07:20,https://subss.xjycloud.xyz/link/eLbm45HaXWVhnoiK?sub=1,ssr,0
2020-08-18 03:09:42,https://subscribepro.cc/link/SVA1Cq48YHcYmZqZ?sub=3,v2ray,0
2020-08-21 13:26:14,https://subscribepro.cc/link/2a0gsDDKtZ81XAFE?sub=3,v2ray,0
2020-08-21 13:26:49,https://sub.hanhaha.xyz/link/LxTsf93oILTq8f4W?sub=3,v2ray,0
2020-08-21 13:27:36,https://sub.hanhaha.xyz/link/71oEDIfnIMkxABGT?sub=3,v2ray,0
2020-08-21 13:29:21,https://sub.hanhaha.xyz/link/FBUV1BQzmyCpz13J?sub=3,v2ray,0
2020-08-21 13:29:55,https://subscribepro.cc/link/Jtm2KAexDHAQZEhI?sub=3,v2ray,0
2020-08-21 13:30:37,https://subscribepro.cc/link/HAYybIxV0I9CI1fI?sub=3,v2ray,0
2020-08-21 13:31:12,https://sub.hanhaha.xyz/link/1dUnFIa1EqbTaMSx?sub=3,v2ray,0
2020-08-21 13:32:08,https://subscribepro.cc/link/dok8YRf8ytjoAUI6?sub=3,v2ray,0
2020-08-21 16:04:06,https://sub.hanhaha.xyz/link/yWW0OuLsr4uCKGum?sub=3,v2ray,0
2020-08-21 16:04:54,https://sub.hanhaha.xyz/link/44OvlMHG0Fun4Wln?sub=3,v2ray,0
2020-08-21 16:05:18,https://subscribepro.cc/link/QINSBeTZ5TfdCLMY?sub=3,v2ray,0
2020-09-13 15:26:48,https://subss.xjycloud.xyz/link/RnESFQ95XNMJzyKl?sub=1,ssr,0
2020-09-13 15:28:55,https://subss.xjycloud.xyz/link/WPQPzi9bQiZqQEBL?sub=1,ssr,0
